,player,team,season,plays,epa_cpoe_composite,epa_per_play,unadjusted_epa_per_play,success_rate,comp_pct,expected_comp_pct,cpoe,air_yards,mvp,epa_per_play_rank
1,A.Rodgers,,2020,609,0.217,0.37,0.362,55.20%,74.3,67.1,7.2,8,Yes,1
3,R.Tannehill,,2020,567,0.184,0.34,0.329,55.60%,67.9,65.2,2.7,8.3,No,2
4,P.Mahomes,,2020,694,0.179,0.323,0.311,55.00%,68.4,65.6,2.8,8.4,No,3
2,J.Allen,,2020,727,0.19,0.292,0.282,56.30%,72.3,65.7,6.6,8.6,No,4
5,T.Brady,,2020,682,0.167,0.274,0.249,50.90%,68.1,64.4,3.7,9.2,No,5
7,R.Fitzpatrick,,2020,318,0.155,0.247,0.245,56.00%,69.3,65.9,3.4,7.7,No,6
6,D.Watson,,2020,698,0.165,0.228,0.219,53.40%,73,66.5,6.5,8.9,No,7
12,P.Rivers,,2020,596,0.133,0.226,0.212,50.70%,70,69.2,0.8,7.3,No,8
9,K.Cousins,,2020,611,0.149,0.213,0.186,52.70%,72,67.4,4.6,8,No,9
10,D.Carr,,2020,607,0.138,0.213,0.172,51.90%,70.9,68.3,2.6,8.3,No,10
11,B.Mayfield,,2020,576,0.138,0.209,0.195,52.60%,67.3,64.5,2.8,8.7,No,11
13,D.Brees,,2020,422,0.131,0.209,0.19,50.90%,72.6,71,1.6,6.2,No,12
15,D.Prescott,,2020,254,0.117,0.192,0.157,55.10%,69.3,69,0.3,7.8,No,13
14,L.Jackson,,2020,576,0.121,0.19,0.181,47.90%,66.7,65.7,1,8.7,No,14
8,R.Wilson,,2020,702,0.152,0.188,0.165,51.30%,72.2,65.3,6.8,8.4,No,15
18,J.Herbert,,2020,702,0.11,0.177,0.172,48.70%,68.2,68.2,0,7.4,No,16
21,M.Stafford,,2020,620,0.102,0.171,0.142,50.50%,66.5,67.5,-1,8.9,No,17
16,K.Murray,,2020,736,0.116,0.16,0.139,50.30%,71,68.8,2.2,8,No,18
20,M.Ryan,,2020,721,0.106,0.148,0.143,48.80%,67.5,66.3,1.2,8.5,No,19
19,J.Burrow,,2020,485,0.106,0.136,0.122,49.10%,67.3,65.2,2.1,8.5,No,20
23,M.Trubisky,,2020,354,0.098,0.13,0.117,53.40%,67.9,66.8,1.1,7.8,No,21
24,B.Roethlisberger,,2020,673,0.086,0.129,0.12,47.80%,65.8,66.9,-1.1,6.9,No,22
17,T.Bridgewater,,2020,598,0.113,0.127,0.109,49.80%,72.5,68.5,4,7.3,No,23
25,J.Goff,,2020,626,0.083,0.093,0.06,48.70%,70.5,69.6,0.9,6.7,No,24
22,G.Minshew II,,2020,394,0.102,0.092,0.087,47.50%,69.9,65.6,4.3,8,No,25
28,N.Mullens,,2020,365,0.057,0.073,0.013,47.70%,66.1,68.7,-2.6,6.4,No,26
26,C.Newton,,2020,546,0.062,0.063,0.046,48.70%,68.2,69.2,-1,7,No,27
27,A.Dalton,,2020,398,0.057,0.041,0.021,48.50%,67.9,68.4,-0.4,6.7,No,28
29,T.Tagovailoa,,2020,353,0.05,0.034,0.01,48.20%,66.2,67.4,-1.2,7.8,No,29
33,D.Lock,,2020,519,0.022,0.021,-0.012,43.50%,59.6,65.2,-5.6,9,No,30
31,D.Jones,,2020,577,0.035,0.007,-0.019,45.60%,64.8,67.1,-2.2,7.7,No,31
30,N.Foles,,2020,349,0.043,-0.041,-0.054,41.50%,67.6,65.9,1.7,8.1,No,32
35,C.Wentz,,2020,565,0.011,-0.054,-0.075,42.50%,60.2,63.8,-3.6,8.9,No,33
32,A.Smith,,2020,290,0.022,-0.079,-0.094,42.80%,70.6,71.4,-0.8,5.2,No,34
36,D.Haskins,,2020,280,-0.004,-0.085,-0.112,40.00%,63.2,68.7,-5.5,6.8,No,35
34,S.Darnold,,2020,447,0.014,-0.1,-0.12,42.30%,64.2,66.1,-1.9,7.8,No,36
1,L.Jackson,,2019,605,0.191,0.344,0.342,51.90%,68.7,64.8,3.8,8.8,Yes,1
3,P.Mahomes,,2019,596,0.169,0.298,0.294,51.70%,67.9,65.4,2.5,8.8,No,2
2,R.Tannehill,,2019,360,0.19,0.275,0.232,55.30%,72.3,64.6,7.7,9.7,No,3
4,D.Brees,,2019,410,0.168,0.24,0.238,54.10%,77,70.9,6.1,6.6,No,4
8,M.Stafford,,2019,335,0.14,0.224,0.21,49.90%,65.8,63.8,2.1,10.4,No,5
9,D.Prescott,,2019,698,0.133,0.222,0.21,52.90%,67.4,66.4,1,9.3,No,6
5,K.Cousins,,2019,525,0.148,0.213,0.199,48.40%,72.9,68.5,4.4,7.7,No,7
10,J.Garoppolo,,2019,576,0.132,0.201,0.168,51.00%,70.8,68.4,2.4,6.5,No,8
11,D.Watson,,2019,644,0.129,0.197,0.184,50.30%,68.9,67,2,8.7,No,9
7,D.Carr,,2019,581,0.141,0.177,0.151,49.40%,75.1,69.4,5.7,6.6,No,10
6,R.Wilson,,2019,667,0.147,0.173,0.15,49.90%,69.2,62.2,7,9.3,No,11
12,P.Rivers,,2019,679,0.118,0.145,0.11,50.80%,68.3,64.6,3.7,8.8,No,12
13,A.Rodgers,,2019,678,0.101,0.144,0.136,45.70%,65.6,65,0.7,8.9,No,13
14,J.Winston,,2019,752,0.097,0.134,0.093,49.10%,62.9,62.2,0.7,10.6,No,14
18,T.Brady,,2019,693,0.075,0.116,0.1,44.00%,64.3,66.4,-2.1,7.8,No,15
19,J.Goff,,2019,712,0.074,0.107,0.077,46.30%,64.9,66.7,-1.8,7.9,No,16
16,R.Fitzpatrick,,2019,619,0.079,0.103,0.081,48.80%,63,63.6,-0.6,9.1,No,17
20,J.Brissett,,2019,555,0.064,0.103,0.084,47.60%,64.2,67.4,-3.3,7.9,No,18
15,M.Ryan,,2019,729,0.091,0.1,0.072,47.70%,69.2,67.4,1.8,8.3,No,19
17,C.Wentz,,2019,737,0.077,0.099,0.09,49.40%,65.1,65.7,-0.6,8,No,20
24,B.Mayfield,,2019,649,0.049,0.057,0.036,44.20%,61.8,64.7,-3,8.5,No,21
21,K.Murray,,2019,707,0.056,0.055,0.038,44.60%,67.5,69,-1.5,7.4,No,22
22,J.Allen,,2019,624,0.055,0.053,0.043,44.90%,62.4,64.1,-1.6,9.5,No,23
23,C.Keenum,,2019,287,0.054,0.044,0.017,47.40%,66.7,67.8,-1.1,6.9,No,24
27,A.Dalton,,2019,613,0.038,0.033,0.005,44.40%,62.3,65.6,-3.3,8.2,No,25
31,G.Minshew II,,2019,594,0.03,0.019,0.001,42.90%,63.2,67,-3.8,7.4,No,26
26,D.Jones,,2019,573,0.039,0.014,-0.021,43.60%,63.5,65.5,-1.9,8,No,27
29,M.Rudolph,,2019,334,0.037,-0.004,-0.025,41.60%,64.2,65.5,-1.2,8.2,No,28
28,K.Allen,,2019,581,0.037,-0.008,-0.037,47.30%,65.4,66.4,-1,8.4,No,29
25,S.Darnold,,2019,526,0.046,-0.015,-0.028,42.80%,65.9,64.9,1,8.7,No,30
32,M.Trubisky,,2019,625,0.026,-0.022,-0.033,44.60%,64.8,67.1,-2.3,7.9,No,31
30,J.Flacco,,2019,315,0.036,-0.025,-0.045,43.50%,68.4,68.6,-0.2,6.8,No,32
33,D.Haskins,,2019,258,-0.002,-0.151,-0.185,40.30%,60.7,65.4,-4.7,8.7,No,33
2,P.Mahomes,,2018,695,0.205,0.38,0.363,53.40%,68.3,63.8,4.5,9.1,Yes,1
1,D.Brees,,2018,550,0.214,0.37,0.368,58.00%,75.5,69,6.5,7.2,No,2
6,P.Rivers,,2018,579,0.158,0.251,0.241,51.30%,69,65.4,3.6,7.8,No,3
5,M.Ryan,,2018,707,0.161,0.248,0.223,52.90%,70.9,66.6,4.3,8.6,No,4
7,B.Roethlisberger,,2018,755,0.147,0.248,0.236,51.50%,68.3,66.5,1.7,7.8,No,5
4,R.Fitzpatrick,,2018,306,0.165,0.244,0.205,51.00%,66.9,61.7,5.2,10.4,No,6
3,R.Wilson,,2018,556,0.17,0.227,0.202,49.50%,70,62.5,7.5,9.2,No,7
8,M.Trubisky,,2018,553,0.135,0.213,0.197,51.70%,67.8,65.8,2,9,No,8
9,J.Goff,,2018,654,0.132,0.213,0.196,51.20%,67.7,66.1,1.5,8.7,No,9
10,J.Winston,,2018,477,0.131,0.199,0.168,51.20%,65.4,63.2,2.2,10.8,No,10
12,T.Brady,,2018,631,0.124,0.199,0.195,52.60%,67.9,66.9,1,8,No,11
14,A.Luck,,2018,727,0.117,0.184,0.166,51.30%,68.4,67.5,0.8,7.5,No,12
11,D.Watson,,2018,694,0.13,0.161,0.155,50.70%,70.1,65.4,4.7,8.5,No,13
15,N.Mullens,,2018,317,0.11,0.149,0.118,48.30%,67.4,65.5,1.9,7.2,No,14
13,C.Wentz,,2018,479,0.121,0.133,0.103,50.30%,70.5,65.4,5.1,7.9,No,15
19,A.Rodgers,,2018,721,0.089,0.13,0.129,47.70%,64.7,65.3,-0.6,8.8,No,16
23,A.Dalton,,2018,426,0.075,0.129,0.096,49.30%,63.3,66.3,-3,8.2,No,17
24,J.Flacco,,2018,431,0.071,0.111,0.105,47.80%,62.9,65.5,-2.6,8.8,No,18
16,C.Newton,,2018,611,0.1,0.105,0.09,50.10%,70.5,67.4,3,7.3,No,19
18,B.Mayfield,,2018,570,0.089,0.103,0.079,46.80%,65.7,64.4,1.3,9.4,No,20
21,E.Manning,,2018,657,0.079,0.087,0.07,43.40%,67,66.6,0.5,7.3,No,21
17,M.Mariota,,2018,453,0.093,0.082,0.065,48.80%,71,67.6,3.4,7.6,No,22
26,M.Stafford,,2018,649,0.063,0.082,0.053,45.10%,67.5,69.6,-2.1,6.8,No,23
22,D.Prescott,,2018,683,0.078,0.076,0.068,46.40%,69,67.9,1.1,7.5,No,24
27,A.Smith,,2018,406,0.059,0.067,0.04,47.30%,65.1,66.8,-1.7,8.3,No,25
29,L.Jackson,,2018,334,0.032,0.058,0.026,47.90%,60.4,66.4,-6,8.8,No,26
20,D.Carr,,2018,644,0.081,0.043,0.006,47.80%,72,68.2,3.8,7,No,27
30,S.Darnold,,2018,491,0.026,0.019,-0.017,43.40%,59.8,64.4,-4.6,9.4,No,28
25,K.Cousins,,2018,708,0.066,0.018,-0.013,48.00%,71.8,69.2,2.6,7.2,No,29
32,J.Allen,,2018,463,0.012,0.015,0.009,42.50%,55.6,62.4,-6.8,10.8,No,30
33,B.Bortles,,2018,502,0.009,0.008,-0.011,44.20%,60.8,67.7,-6.9,7.2,No,31
28,C.Keenum,,2018,680,0.039,0.002,-0.009,44.10%,64.9,66.2,-1.3,7.6,No,32
31,R.Tannehill,,2018,356,0.019,-0.133,-0.182,41.60%,65.9,66.9,-0.9,8.2,No,33
34,J.Rosen,,2018,480,-0.018,-0.238,-0.282,38.10%,58.5,66.7,-8.2,8.5,No,34
2,D.Watson,,2017,279,0.161,0.277,0.223,49.80%,62.4,60.1,2.3,11.1,No,1
1,T.Brady,,2017,681,0.163,0.261,0.244,52.30%,66.6,62.9,3.7,9.1,Yes,1
3,C.Wentz,,2017,550,0.143,0.257,0.243,49.60%,60.8,60.3,0.5,10,No,2
6,P.Rivers,,2017,635,0.133,0.222,0.216,49.60%,63.7,62.7,1,8.4,No,3
10,J.Goff,,2017,541,0.12,0.216,0.197,46.40%,63.1,64,-0.9,8,No,4
7,B.Roethlisberger,,2017,629,0.131,0.191,0.18,50.90%,64.9,62,2.9,9,No,5
5,D.Brees,,2017,596,0.139,0.186,0.174,49.70%,73,68.3,4.7,6.4,No,6
9,M.Ryan,,2017,601,0.128,0.182,0.159,50.70%,66.3,63.3,3,8.9,No,7
4,A.Smith,,2017,620,0.139,0.181,0.177,48.50%,69.5,64.4,5,7.8,No,8
8,C.Keenum,,2017,569,0.131,0.181,0.172,49.20%,68.4,64.8,3.6,7.6,No,9
12,A.Rodgers,,2017,302,0.11,0.164,0.128,51.70%,65.8,65,0.8,7,No,10
11,J.Winston,,2017,529,0.119,0.128,0.106,50.90%,64.8,59.9,4.9,10.7,No,11
19,B.Bortles,,2017,622,0.073,0.123,0.109,47.40%,61.4,64.4,-3,7.8,No,12
15,M.Stafford,,2017,674,0.089,0.112,0.082,46.90%,66.3,65.6,0.6,8,No,13
14,R.Wilson,,2017,728,0.106,0.099,0.081,46.70%,64.7,60.1,4.6,9.9,No,14
13,J.McCown,,2017,479,0.107,0.088,0.061,46.10%,68.9,63.4,5.5,7.8,No,15
16,M.Mariota,,2017,559,0.08,0.088,0.057,47.20%,63.4,62.7,0.7,9,No,16
17,K.Cousins,,2017,641,0.079,0.082,0.06,46.20%,65,64.1,0.8,7.7,No,17
20,D.Prescott,,2017,620,0.068,0.07,0.03,45.60%,63.9,64.1,-0.2,8,No,18
22,C.Newton,,2017,682,0.057,0.07,0.048,45.00%,60.2,62.6,-2.3,8.6,No,19
18,T.Taylor,,2017,564,0.074,0.063,0.054,42.60%,63.5,62.3,1.3,8.6,No,20
21,D.Carr,,2017,589,0.064,0.058,0.053,44.50%,63.3,63.6,-0.3,8.3,No,21
23,C.Palmer,,2017,318,0.056,0.034,0.014,45.60%,61.7,61.7,0,9.3,No,22
25,A.Dalton,,2017,581,0.032,-0.012,-0.029,43.00%,62.7,64.3,-1.7,8.3,No,23
24,J.Cutler,,2017,479,0.038,-0.015,-0.04,43.40%,63.3,63.7,-0.4,8.4,No,24
28,J.Brissett,,2017,600,0.012,-0.028,-0.056,41.00%,60.8,65.2,-4.5,7.5,No,25
27,T.Siemian,,2017,431,0.028,-0.03,-0.062,41.80%,60.6,62.1,-1.5,8.7,No,26
26,J.Flacco,,2017,606,0.028,-0.035,-0.061,42.90%,64.8,66,-1.2,6.8,No,27
30,E.Manning,,2017,642,0.008,-0.073,-0.087,44.10%,62.1,65.7,-3.6,7.3,No,28
32,M.Trubisky,,2017,424,-0.002,-0.077,-0.094,40.60%,60.1,65.5,-5.4,7.8,No,29
31,T.Savage,,2017,267,0.004,-0.082,-0.126,41.90%,56.8,61,-4.2,8.9,No,30
34,C.Beathard,,2017,274,-0.014,-0.094,-0.119,40.90%,55.7,62.8,-7.1,7.4,No,31
33,D.Kizer,,2017,630,-0.01,-0.102,-0.125,38.90%,54.3,60.6,-6.3,9,No,32
29,B.Hundley,,2017,398,0.008,-0.108,-0.125,43.00%,61.5,64.6,-3,7.6,No,33
1,M.Ryan,,2016,625,0.206,0.337,0.325,54.60%,70.8,63.9,6.9,8.7,Yes,1
2,T.Brady,,2016,494,0.187,0.335,0.334,51.00%,68,64.3,3.7,7.8,No,2
3,D.Prescott,,2016,553,0.175,0.287,0.276,53.30%,68.4,64.1,4.2,8.2,No,3
4,A.Rodgers,,2016,737,0.16,0.257,0.25,50.60%,66.4,62.9,3.5,8.7,No,4
5,K.Cousins,,2016,681,0.16,0.235,0.207,53.90%,68.7,63.7,5,8.7,No,5
6,D.Brees,,2016,737,0.146,0.21,0.18,52.10%,71.1,66.9,4.2,7.3,No,6
7,B.Roethlisberger,,2016,560,0.132,0.206,0.184,49.60%,65.1,63.1,1.9,8.7,No,7
9,M.Stafford,,2016,700,0.114,0.185,0.172,50.60%,66.9,66.8,0.1,7.5,No,8
8,M.Mariota,,2016,558,0.116,0.173,0.132,48.90%,62.9,61.5,1.4,9.8,No,9
10,A.Luck,,2016,676,0.112,0.165,0.135,50.10%,64.9,63.7,1.2,8.4,No,10
14,P.Rivers,,2016,656,0.1,0.146,0.112,47.40%,62.1,61.9,0.2,8.5,No,11
16,D.Carr,,2016,642,0.097,0.143,0.137,45.80%,64.4,64.4,0,7.8,No,12
11,A.Dalton,,2016,672,0.109,0.132,0.126,50.10%,67.2,64.3,2.8,8,No,13
13,A.Smith,,2016,569,0.1,0.122,0.092,47.10%,68.3,66.4,1.9,6.7,No,14
15,J.Winston,,2016,690,0.097,0.12,0.093,48.60%,61.6,59.9,1.7,10.3,No,15
12,R.Wilson,,2016,679,0.106,0.101,0.093,48.50%,66.9,62.4,4.5,8.7,No,16
20,C.Palmer,,2016,690,0.079,0.088,0.07,48.70%,61.9,61.5,0.4,9.4,No,17
18,T.Taylor,,2016,604,0.088,0.087,0.082,43.70%,63.7,61.5,2.1,9.4,No,18
17,S.Bradford,,2016,627,0.096,0.074,0.062,48.00%,71.9,67.4,4.5,6.4,No,19
21,T.Siemian,,2016,570,0.066,0.066,0.051,46.10%,61.2,61.7,-0.5,8.6,No,20
25,R.Fitzpatrick,,2016,474,0.038,0.045,0.022,44.70%,56.9,61,-4.1,9.1,No,21
22,C.Wentz,,2016,707,0.051,0.033,0.023,44.70%,63,63.9,-0.9,7.5,No,22
26,C.Kaepernick,,2016,449,0.029,0.031,0.018,43.20%,59.9,64.7,-4.7,8,No,23
19,R.Tannehill,,2016,470,0.082,0.023,0.007,46.00%,68.5,63.2,5.3,8,No,24
27,B.Bortles,,2016,758,0.026,0.018,-0.002,44.70%,59.2,63.6,-4.5,8.3,No,25
24,E.Manning,,2016,657,0.04,0.011,-0.006,45.40%,63.1,64.8,-1.6,7.9,No,26
29,C.Newton,,2016,664,0.018,0.01,-0.014,43.20%,54,59.5,-5.5,10.4,No,27
28,B.Osweiler,,2016,581,0.021,-0.01,-0.024,46.80%,59.7,63.4,-3.7,8.6,No,28
23,J.Flacco,,2016,753,0.04,-0.012,-0.026,43.40%,66.3,66.4,-0.2,7.5,No,29
30,C.Keenum,,2016,377,0.014,-0.037,-0.071,40.80%,61.4,65.1,-3.7,7.7,No,30
31,J.Goff,,2016,254,-0.032,-0.266,-0.313,33.90%,55.4,66.4,-10.9,6.7,No,31
1,C.Palmer,,2015,613,0.193,0.323,0.314,53.00%,65.1,59.9,5.3,10.9,No,1
4,A.Dalton,,2015,480,0.171,0.28,0.266,52.50%,66.9,63,4,9,No,2
2,R.Wilson,,2015,636,0.184,0.256,0.243,52.40%,70.6,62.7,7.9,8.7,No,3
3,B.Roethlisberger,,2015,533,0.173,0.248,0.241,52.70%,68.5,61.9,6.5,10.2,No,4
7,T.Brady,,2015,727,0.124,0.215,0.195,47.60%,64.9,65,-0.1,7.9,No,5
5,K.Cousins,,2015,622,0.148,0.194,0.176,49.40%,69.8,64.1,5.7,8,No,6
6,D.Brees,,2015,708,0.127,0.191,0.172,48.00%,68.7,66.7,2,7.9,No,7
8,C.Newton,,2015,680,0.112,0.179,0.171,50.10%,60.8,60.6,0.1,10.4,Yes,8
12,R.Fitzpatrick,,2015,651,0.094,0.156,0.15,45.90%,59.8,61.3,-1.5,9.2,No,9
9,T.Taylor,,2015,541,0.109,0.131,0.131,43.30%,63.8,60.7,3,10.5,No,10
17,E.Manning,,2015,701,0.085,0.13,0.1,46.80%,63.4,64.7,-1.3,7.7,No,11
13,J.Winston,,2015,652,0.091,0.127,0.108,47.90%,59.3,59.3,0,10.1,No,12
10,J.Cutler,,2015,569,0.103,0.126,0.085,47.80%,64.9,62.7,2.3,8.4,No,13
14,M.Ryan,,2015,709,0.091,0.122,0.103,51.20%,66.8,66.6,0.2,7.8,No,14
11,P.Rivers,,2015,763,0.103,0.117,0.086,47.80%,67.1,64.3,2.8,7.2,No,15
18,A.Smith,,2015,622,0.085,0.113,0.103,46.30%,66.7,67,-0.2,6.8,No,16
16,J.McCown,,2015,358,0.089,0.111,0.087,47.50%,64.1,63.4,0.7,7.8,No,17
21,A.Rodgers,,2015,736,0.071,0.09,0.075,45.10%,61.6,62.7,-1.1,8.1,No,18
20,M.Stafford,,2015,698,0.079,0.088,0.068,49.40%,68.3,67.7,0.6,6.5,No,19
19,M.Mariota,,2015,470,0.081,0.087,0.059,46.60%,63,62.2,0.8,9.4,No,20
15,T.Bridgewater,,2015,554,0.09,0.075,0.07,43.00%,67.1,63.9,3.3,7.2,No,21
28,B.Bortles,,2015,735,0.05,0.062,0.022,45.60%,59.2,62.1,-3,9.2,No,22
26,M.Hasselbeck,,2015,298,0.053,0.059,0.032,46.60%,62.4,64.7,-2.3,7.4,No,23
27,D.Carr,,2015,651,0.051,0.059,0.016,44.40%,61.5,64.3,-2.8,8,No,24
23,B.Hoyer,,2015,418,0.056,0.056,0.041,46.90%,61.2,62.8,-1.6,9.4,No,25
24,B.Osweiler,,2015,332,0.055,0.047,0.04,47.30%,61.8,63,-1.2,8.8,No,26
25,J.Flacco,,2015,463,0.055,0.031,0.005,46.90%,65.2,65.4,-0.2,7.5,No,27
22,R.Tannehill,,2015,692,0.057,0.021,0.004,42.50%,62.7,61.8,0.9,8.8,No,28
29,S.Bradford,,2015,615,0.049,0.017,-0.007,44.70%,65.4,65.7,-0.3,7,No,29
32,A.Luck,,2015,351,0.021,-0.003,-0.022,41.60%,56.8,61.1,-4.2,9.8,No,30
30,J.Manziel,,2015,285,0.029,-0.008,-0.022,41.40%,59.2,61.7,-2.6,8.2,No,31
35,R.Mallett,,2015,263,0.001,-0.014,-0.022,43.00%,56.7,63.9,-7.2,8.6,No,32
34,C.Kaepernick,,2015,322,0.008,-0.027,-0.041,41.00%,59,64.2,-5.2,7.7,No,33
33,P.Manning,,2015,365,0.02,-0.042,-0.073,41.40%,60.2,62.6,-2.4,9.4,No,34
31,B.Gabbert,,2015,347,0.022,-0.05,-0.066,40.90%,63.3,65.1,-1.8,7.2,No,35
36,N.Foles,,2015,378,-0.013,-0.194,-0.222,36.50%,57.2,64.1,-6.9,8.1,No,36
2,A.Rodgers,,2014,615,0.191,0.356,0.348,54.80%,66.2,63.1,3.1,8.1,Yes,1
1,T.Romo,,2014,502,0.208,0.346,0.328,53.20%,70.9,64,6.9,9,No,2
3,B.Roethlisberger,,2014,683,0.168,0.249,0.24,52.90%,68.3,62.9,5.5,8.7,No,3
4,D.Brees,,2014,736,0.139,0.203,0.173,52.00%,70.4,66.9,3.4,7.7,No,4
5,P.Manning,,2014,662,0.138,0.201,0.18,50.90%,66.5,63.2,3.3,8.5,No,5
8,T.Brady,,2014,670,0.127,0.197,0.19,48.80%,65.1,63.5,1.6,8.1,No,6
11,J.Flacco,,2014,636,0.109,0.184,0.175,49.80%,63.7,64.4,-0.7,8.6,No,7
9,C.Palmer,,2014,254,0.113,0.18,0.156,44.50%,64.4,64.1,0.3,9,No,8
6,R.Wilson,,2014,616,0.13,0.174,0.172,45.80%,66.3,62.5,3.8,8,No,9
10,A.Luck,,2014,730,0.11,0.161,0.133,48.90%,63.1,62.1,1.1,8.9,No,10
7,P.Rivers,,2014,682,0.13,0.159,0.139,49.60%,67.3,62.5,4.9,8.6,No,11
13,R.Fitzpatrick,,2014,398,0.101,0.147,0.138,48.00%,63.5,63.2,0.3,8.5,No,12
17,A.Smith,,2014,583,0.091,0.145,0.141,47.00%,66.4,67.8,-1.3,5.9,No,13
12,M.Ryan,,2014,715,0.105,0.143,0.108,49.80%,67,65.6,1.4,7.8,No,14
14,E.Manning,,2014,669,0.099,0.135,0.117,46.50%,63.9,63.1,0.8,8.3,No,15
16,M.Sanchez,,2014,368,0.092,0.124,0.089,50.00%,65.1,64.8,0.3,8.4,No,16
15,R.Tannehill,,2014,719,0.094,0.102,0.081,51.00%,66.7,64.4,2.2,7.6,No,17
24,D.Stanton,,2014,292,0.052,0.091,0.077,42.10%,55.5,60.2,-4.7,11,No,18
19,N.Foles,,2014,357,0.062,0.078,0.052,44.00%,60.6,62.6,-2,9.6,No,19
26,M.Stafford,,2014,707,0.047,0.078,0.065,45.70%,61.7,66.4,-4.7,8.1,No,20
22,C.Newton,,2014,613,0.054,0.072,0.051,48.60%,58.9,61.9,-3,9.8,No,21
18,A.Dalton,,2014,586,0.075,0.068,0.031,46.90%,65.6,64.5,1.1,7.9,No,22
23,C.Kaepernick,,2014,667,0.052,0.053,0.039,44.40%,60.8,62.9,-2.1,9.7,No,23
20,J.Cutler,,2014,666,0.062,0.044,0.001,47.30%,66,65.7,0.3,7.3,No,24
21,T.Bridgewater,,2014,500,0.058,0.037,0.025,45.00%,65.4,65.4,0,7.9,No,25
25,K.Orton,,2014,508,0.05,0.029,0.013,44.90%,64.9,65.9,-1,7.1,No,26
28,G.Smith,,2014,470,0.038,0.019,-0.015,42.30%,61.2,63.6,-2.5,8.3,No,27
33,B.Hoyer,,2014,507,0.013,0.007,-0.007,42.60%,55.4,61.7,-6.3,10.4,No,28
29,M.Glennon,,2014,250,0.036,-0.022,-0.042,42.00%,58.2,58.6,-0.4,11,No,29
30,A.Davis,,2014,339,0.028,-0.039,-0.102,47.20%,64.3,65.3,-1,8.7,No,30
31,J.McCown,,2014,406,0.02,-0.043,-0.064,42.10%,57.5,59.8,-2.3,10.2,No,31
27,R.Griffin III,,2014,298,0.046,-0.063,-0.087,43.60%,69.3,66.3,3,6.9,No,32
34,D.Carr,,2014,672,-0.006,-0.071,-0.093,40.50%,59.1,65.3,-6.2,7.9,No,33
32,S.Hill,,2014,274,0.013,-0.082,-0.12,44.50%,64.4,66.8,-2.4,8,No,34
35,B.Bortles,,2014,614,-0.012,-0.091,-0.128,42.20%,59.3,66.1,-6.8,7,No,35
2,J.McCown,,2013,258,0.209,0.387,0.37,54.30%,67.7,62.9,4.9,7.9,No,1
1,P.Manning,,2013,727,0.21,0.361,0.346,55.00%,68.8,62.4,6.4,7.9,Yes,1
4,A.Rodgers,,2013,349,0.194,0.317,0.316,52.70%,68.2,62.3,5.9,8.2,No,2
5,N.Foles,,2013,406,0.189,0.311,0.307,49.30%,66.3,61,5.3,9.5,No,3
3,P.Rivers,,2013,639,0.201,0.304,0.291,53.40%,70.7,62.7,8,7.9,No,4
6,D.Brees,,2013,742,0.157,0.223,0.209,50.50%,69.3,63.9,5.4,8.1,No,5
7,R.Wilson,,2013,563,0.14,0.173,0.166,48.30%,64.9,59.2,5.7,9.6,No,6
9,A.Dalton,,2013,683,0.109,0.16,0.136,48.20%,63.1,62.1,1,8.6,No,7
14,C.Kaepernick,,2013,563,0.095,0.158,0.155,45.50%,59.3,60.8,-1.5,9.5,No,8
10,R.Fitzpatrick,,2013,427,0.105,0.149,0.129,45.70%,63.1,62,1,8.7,No,9
17,T.Brady,,2013,720,0.092,0.148,0.143,48.80%,61.4,62.7,-1.4,8.4,No,10
12,C.Newton,,2013,638,0.103,0.145,0.136,47.20%,62.5,61.7,0.9,9,No,11
15,T.Romo,,2013,610,0.093,0.131,0.119,48.20%,64.4,64.2,0.2,8,No,12
18,A.Luck,,2013,688,0.082,0.126,0.11,47.70%,60.7,62.2,-1.5,8.2,No,13
8,J.Cutler,,2013,401,0.116,0.123,0.061,48.10%,64,59.2,4.8,9.3,No,14
19,M.Stafford,,2013,701,0.07,0.12,0.09,46.90%,59.6,62.9,-3.3,8.4,No,15
11,B.Roethlisberger,,2013,660,0.104,0.117,0.092,47.70%,65,62,3,8.5,No,16
13,M.Ryan,,2013,745,0.101,0.113,0.086,48.20%,68.5,65.7,2.8,6.8,No,17
22,S.Bradford,,2013,298,0.054,0.079,0.034,47.00%,61.2,64.7,-3.5,7,No,18
21,A.Smith,,2013,643,0.058,0.076,0.072,44.80%,62,64.5,-2.5,6.7,No,19
16,C.Palmer,,2013,654,0.092,0.075,0.046,46.60%,64.5,60.8,3.7,9.4,No,20
20,C.Ponder,,2013,306,0.062,0.031,0.006,44.80%,64.5,63.5,1.1,8.6,No,21
24,R.Griffin III,,2013,593,0.048,0.029,0.015,44.40%,61.3,62.7,-1.4,8.7,No,22
23,R.Tannehill,,2013,690,0.053,0.021,0.011,44.30%,61.6,61.5,0.1,9.6,No,23
25,J.Flacco,,2013,715,0.046,0.021,0.008,41.10%,59.4,60.5,-1.1,9.4,No,24
26,M.Cassel,,2013,289,0.039,0.018,-0.027,42.60%,61.4,63.6,-2.1,8.5,No,25
31,J.Campbell,,2013,356,0.02,-0.005,-0.029,41.30%,57.6,61.8,-4.3,7.6,No,26
34,G.Smith,,2013,571,0.016,-0.018,-0.07,41.30%,56,60.2,-4.2,9,No,27
30,E.Manning,,2013,629,0.022,-0.024,-0.052,44.00%,58.3,61.1,-2.8,9.6,No,28
35,K.Clemens,,2013,295,0.014,-0.036,-0.06,42.40%,58.9,62.7,-3.8,8.8,No,29
27,M.Glennon,,2013,508,0.034,-0.037,-0.046,41.90%,61.8,61.9,-0.1,9,No,30
29,M.Schaub,,2013,401,0.023,-0.044,-0.076,42.60%,61.9,63.6,-1.7,7.9,No,31
36,T.Pryor,,2013,399,0.013,-0.046,-0.067,42.10%,59.5,63.1,-3.6,8,No,32
28,M.Flynn,,2013,250,0.033,-0.049,-0.116,42.00%,63.6,63.4,0.2,7.1,No,33
32,C.Henne,,2013,591,0.018,-0.052,-0.062,42.50%,61.4,63.7,-2.4,6.6,No,34
33,E.Manuel,,2013,399,0.017,-0.052,-0.068,44.40%,59.1,61.6,-2.6,8.3,No,35
38,C.Keenum,,2013,288,-0.004,-0.077,-0.096,41.30%,55.9,61.6,-5.7,9.1,No,36
37,B.Weeden,,2013,317,0.002,-0.116,-0.129,38.20%,53.8,57.9,-4.1,9.3,No,37
1,P.Manning,,2012,644,0.202,0.316,0.293,53.90%,69,61.6,7.4,8.3,No,1
2,T.Brady,,2012,718,0.169,0.309,0.303,54.50%,63.7,61.9,1.8,8.7,No,2
3,M.Ryan,,2012,698,0.168,0.247,0.233,53.30%,69,63.4,5.7,8.1,No,3
6,R.Griffin III,,2012,556,0.158,0.243,0.238,50.50%,67,62.9,4.1,8.6,No,4
4,A.Rodgers,,2012,691,0.163,0.23,0.226,52.70%,69,63.1,5.8,8.2,No,5
5,R.Wilson,,2012,544,0.158,0.229,0.213,50.00%,64.6,59.5,5.2,9.9,No,6
7,C.Kaepernick,,2012,303,0.146,0.206,0.195,47.90%,63.8,59.4,4.5,9.8,No,7
9,D.Brees,,2012,723,0.126,0.206,0.18,51.60%,64.5,63.5,1,8.3,No,8
14,C.Newton,,2012,672,0.105,0.187,0.167,47.00%,58.3,60,-1.6,9.4,No,9
12,M.Schaub,,2012,599,0.111,0.174,0.172,48.70%,64.9,64.6,0.4,8,No,10
10,B.Roethlisberger,,2012,509,0.122,0.173,0.139,50.70%,64.8,62.4,2.5,8.4,No,11
13,E.Manning,,2012,609,0.11,0.166,0.144,50.20%,60.5,59.7,0.7,9.6,No,12
8,A.Smith,,2012,275,0.131,0.156,0.155,51.30%,70.2,64.9,5.2,7.7,No,13
11,T.Romo,,2012,730,0.117,0.156,0.126,51.20%,66.4,63.7,2.7,8.8,No,14
20,A.Luck,,2012,750,0.069,0.131,0.105,47.60%,54.9,59.3,-4.3,10.4,No,15
19,M.Stafford,,2012,807,0.069,0.106,0.067,48.60%,60.6,63.1,-2.5,8.7,No,16
17,C.Palmer,,2012,629,0.075,0.09,0.061,46.10%,61.6,62,-0.4,8.4,No,17
16,J.Flacco,,2012,626,0.076,0.086,0.059,44.10%,59.9,59.9,0,10.1,No,18
24,J.Freeman,,2012,637,0.046,0.067,0.044,42.50%,55.5,59.7,-4.2,10,No,19
21,R.Fitzpatrick,,2012,590,0.059,0.064,0.039,43.90%,60.8,62.4,-1.5,7.8,No,20
18,A.Dalton,,2012,630,0.073,0.058,0.038,45.70%,63.6,62.2,1.5,8.6,No,21
22,J.Cutler,,2012,529,0.057,0.05,0.025,43.30%,58.8,59.8,-1.1,10.2,No,22
15,P.Rivers,,2012,625,0.077,0.045,0.013,45.40%,66,63.1,2.9,7.6,No,23
28,R.Tannehill,,2012,584,0.039,0.037,0.016,46.10%,58.8,62.2,-3.4,8.5,No,24
26,C.Ponder,,2012,586,0.043,0.032,0.021,44.00%,62.6,65,-2.4,6.9,No,25
23,M.Vick,,2012,449,0.056,0.028,-0.023,43.70%,60.2,60,0.2,9,No,26
27,S.Bradford,,2012,629,0.041,0.024,0.005,45.60%,60.8,63,-2.2,8.3,No,27
29,M.Hasselbeck,,2012,252,0.039,-0.001,-0.059,43.30%,62.7,63.8,-1.1,7.8,No,28
25,N.Foles,,2012,311,0.045,-0.004,-0.04,41.50%,62.6,62.4,0.2,8.3,No,29
32,B.Weeden,,2012,585,0.016,-0.011,-0.038,42.10%,57.9,62.5,-4.7,7.5,No,30
36,A.Peterson,,2012,,,-0.013,,39.00%,0,0,0,0,Yes,31
31,J.Locker,,2012,399,0.02,-0.014,-0.024,39.30%,56.7,60.5,-3.7,9.7,No,32
30,M.Cassel,,2012,329,0.021,-0.054,-0.096,45.30%,60.3,62.1,-1.8,8.4,No,33
34,B.Gabbert,,2012,337,-0.001,-0.078,-0.11,43.00%,58.7,63.8,-5.1,7.8,No,34
35,M.Sanchez,,2012,533,-0.008,-0.083,-0.111,44.30%,54.7,60.9,-6.2,9,No,35
33,C.Henne,,2012,372,-0.001,-0.087,-0.119,41.40%,54.8,59.7,-4.9,9.2,No,36
1,A.Rodgers,,2011,626,0.24,0.412,0.411,54.80%,70,61,9,9.1,Yes,1
2,D.Brees,,2011,720,0.206,0.333,0.317,55.10%,71.8,64.6,7.2,7.7,No,2
3,T.Brady,,2011,710,0.186,0.326,0.315,55.90%,66,61.9,4,8.2,No,3
6,M.Schaub,,2011,327,0.127,0.222,0.203,49.20%,62.7,62.8,-0.1,8.5,No,4
5,P.Rivers,,2011,664,0.139,0.197,0.164,50.30%,64.6,60.7,3.9,9.1,No,5
7,E.Manning,,2011,663,0.124,0.193,0.163,48.30%,61.5,60,1.5,9.7,No,6
4,T.Romo,,2011,587,0.14,0.191,0.174,49.20%,67.3,62.9,4.4,7.8,No,7
9,M.Ryan,,2011,652,0.121,0.178,0.168,48.60%,62.6,60.6,2,9.1,No,8
8,B.Roethlisberger,,2011,599,0.123,0.168,0.151,47.90%,63.4,60.5,2.9,9.4,No,9
12,C.Newton,,2011,700,0.101,0.16,0.144,46.70%,60.8,61.3,-0.5,9.6,No,10
10,M.Vick,,2011,534,0.109,0.158,0.133,50.90%,61.7,60.6,1.1,9.2,No,11
11,M.Stafford,,2011,750,0.106,0.15,0.135,49.50%,64.3,63.2,1.1,8.3,No,12
14,J.Flacco,,2011,627,0.08,0.125,0.109,44.50%,57.9,59.8,-1.9,9.3,No,13
13,C.Palmer,,2011,381,0.093,0.11,0.087,48.30%,61,59.5,1.5,10.4,No,14
16,K.Orton,,2011,287,0.07,0.098,0.076,48.40%,59.8,61.6,-1.9,7.9,No,15
18,M.Hasselbeck,,2011,570,0.066,0.07,0.047,44.40%,61.8,62.5,-0.7,8,No,16
19,A.Smith,,2011,551,0.062,0.059,0.057,43.60%,61.6,62.4,-0.8,7.6,No,17
20,J.Cutler,,2011,370,0.057,0.052,0.019,44.30%,58.3,59.5,-1.1,8.8,No,18
15,M.Moore,,2011,421,0.078,0.051,0.025,41.60%,61,58.2,2.9,10.1,No,19
17,R.Fitzpatrick,,2011,671,0.069,0.051,0.027,47.10%,63,61.8,1.1,7.7,No,20
22,A.Dalton,,2011,607,0.05,0.038,0.025,43.70%,59.5,61,-1.5,8.4,No,21
26,K.Kolb,,2011,315,0.023,0.016,0.003,43.20%,59.1,64.1,-4.9,8.2,No,22
23,R.Grossman,,2011,517,0.04,0.005,-0.014,44.10%,58.9,60.1,-1.2,9.2,No,23
21,T.Jackson,,2011,549,0.051,-0.005,-0.023,42.80%,61.3,59.9,1.4,8.9,No,24
27,M.Sanchez,,2011,649,0.019,-0.014,-0.057,42.20%,57.4,61.2,-3.8,8.2,No,25
28,C.McCoy,,2011,577,0.019,-0.02,-0.035,43.00%,58.1,61.7,-3.6,7.4,No,26
24,J.Freeman,,2011,657,0.03,-0.032,-0.058,46.90%,63.7,64.8,-1,7.3,No,27
25,M.Cassel,,2011,327,0.027,-0.042,-0.052,40.70%,59.9,61,-1.1,9.1,No,28
31,T.Tebow,,2011,438,-0.015,-0.06,-0.1,38.10%,47.4,55.5,-8.1,13,No,29
30,C.Ponder,,2011,360,-0.009,-0.068,-0.117,39.40%,55.2,62,-6.8,9.2,No,30
29,J.Skelton,,2011,328,-0.007,-0.102,-0.125,42.70%,55.5,61.4,-5.9,9.7,No,31
33,C.Painter,,2011,282,-0.019,-0.102,-0.128,41.10%,55,63,-8,8.4,No,32
34,B.Gabbert,,2011,510,-0.035,-0.176,-0.19,35.30%,51.1,62,-10.9,7.8,No,33
32,S.Bradford,,2011,430,-0.019,-0.178,-0.224,38.10%,53.7,61.5,-7.9,9.2,No,34
3,T.Brady,,2010,564,0.167,0.28,0.277,49.80%,66.5,63.3,3.2,7.9,Yes,1
1,P.Rivers,,2010,619,0.178,0.27,0.249,50.10%,67.6,61.7,5.9,8.6,No,2
2,A.Rodgers,,2010,579,0.17,0.249,0.241,52.50%,67.2,61.4,5.9,9.4,No,3
4,M.Vick,,2010,514,0.164,0.231,0.215,49.60%,64.2,58.1,6.1,9.6,No,4
5,P.Manning,,2010,721,0.152,0.227,0.208,52.00%,66.4,62.2,4.2,8.7,No,5
6,B.Roethlisberger,,2010,456,0.146,0.219,0.201,48.00%,63.3,59.7,3.7,9.6,No,6
8,J.Freeman,,2010,583,0.129,0.199,0.179,48.20%,62.3,60.5,1.8,9.2,No,7
9,M.Ryan,,2010,664,0.112,0.173,0.173,48.50%,63,62.3,0.6,8.4,No,8
7,D.Brees,,2010,710,0.139,0.165,0.132,50.00%,69.7,63.6,6,7.7,No,9
14,M.Cassel,,2010,520,0.098,0.158,0.14,47.10%,59.7,60.5,-0.8,8.2,No,10
11,M.Schaub,,2010,649,0.105,0.155,0.142,48.70%,64.6,64.1,0.6,7.8,No,11
10,J.Flacco,,2010,586,0.107,0.128,0.116,45.10%,62.6,59.8,2.8,9.1,No,12
12,J.Kitna,,2010,379,0.102,0.125,0.074,47.20%,67.1,65,2.1,6.8,No,13
17,K.Collins,,2010,311,0.081,0.113,0.1,46.00%,59,59.9,-0.8,10,No,14
15,E.Manning,,2010,601,0.097,0.105,0.077,47.90%,63.6,61.1,2.5,9.2,No,15
16,C.Palmer,,2010,661,0.084,0.096,0.067,49.60%,62.2,61.3,0.9,8.5,No,16
13,D.Garrard,,2010,476,0.101,0.087,0.077,47.90%,65.2,60.7,4.5,8.7,No,17
21,S.Hill,,2010,465,0.065,0.085,0.053,45.80%,62.8,64.8,-2,7.2,No,18
22,K.Orton,,2010,577,0.064,0.084,0.063,44.00%,59,61,-2,9.2,No,19
20,J.Campbell,,2010,429,0.07,0.072,0.065,42.00%,59.9,59.9,0,8.6,No,20
19,J.Cutler,,2010,549,0.072,0.054,0.031,45.20%,61.3,59.8,1.5,9.1,No,21
18,C.McCoy,,2010,276,0.073,0.05,0.05,46.40%,61.4,59.4,2,8.9,No,22
23,R.Fitzpatrick,,2010,518,0.056,0.049,0.031,43.80%,58.8,59.8,-1.1,9.1,No,23
27,D.McNabb,,2010,552,0.033,0.021,0,43.50%,59,62.5,-3.5,8.7,No,24
28,M.Sanchez,,2010,574,0.021,0.016,0.014,42.20%,55.6,61,-5.4,9.3,No,25
24,C.Henne,,2010,565,0.047,0.012,-0.01,44.80%,62.3,62.6,-0.3,8.1,No,26
26,A.Smith,,2010,392,0.036,0.009,-0.013,41.60%,60.8,63,-2.1,7.5,No,27
25,M.Hasselbeck,,2010,505,0.042,0.005,-0.017,46.30%,60.6,61.4,-0.8,8.8,No,28
30,S.Bradford,,2010,671,0.013,-0.026,-0.054,42.30%,60.8,65.1,-4.3,6.7,No,29
29,B.Favre,,2010,415,0.018,-0.084,-0.123,44.30%,61,62.5,-1.6,8.6,No,30
32,D.Anderson,,2010,370,-0.021,-0.132,-0.149,40.30%,52.6,60.7,-8.1,10,No,31
31,J.Clausen,,2010,366,-0.018,-0.288,-0.306,32.20%,54.9,63.7,-8.8,6.8,No,32
1,P.Rivers,,2009,553,0.207,0.346,0.338,52.10%,66.5,59.9,6.6,9.9,No,1
3,P.Manning,,2009,612,0.199,0.322,0.309,55.10%,68.9,62.4,6.5,8.7,Yes,2
2,D.Brees,,2009,566,0.204,0.321,0.307,54.40%,71.3,63.8,7.5,8.3,No,3
5,T.Brady,,2009,632,0.164,0.264,0.249,53.00%,66.1,62.3,3.8,8.4,No,4
4,B.Favre,,2009,599,0.172,0.253,0.229,50.90%,68.9,62.8,6.1,8,No,5
6,A.Rodgers,,2009,668,0.159,0.249,0.237,49.60%,65.3,61.4,3.9,9.3,No,6
7,M.Schaub,,2009,646,0.158,0.229,0.204,52.60%,69.2,64.2,5,7.8,No,7
10,T.Romo,,2009,630,0.123,0.2,0.188,48.60%,63.9,63.2,0.7,7.6,No,8
8,B.Roethlisberger,,2009,614,0.145,0.191,0.16,50.00%,67,61.6,5.4,9.1,No,9
9,E.Manning,,2009,578,0.128,0.191,0.186,48.10%,63,60.8,2.3,8.9,No,10
14,V.Young,,2009,324,0.093,0.146,0.143,46.30%,59.8,60.8,-0.9,9.7,No,11
13,C.Palmer,,2009,547,0.094,0.131,0.114,48.60%,61.5,61.3,0.2,8.3,No,12
15,M.Ryan,,2009,512,0.088,0.128,0.114,47.30%,61,61.7,-0.7,8.6,No,13
11,K.Warner,,2009,567,0.112,0.123,0.094,51.30%,67.2,63.2,4,7.8,No,14
12,J.Flacco,,2009,595,0.105,0.122,0.111,47.10%,63.3,60.5,2.8,8.8,No,15
16,D.McNabb,,2009,530,0.085,0.11,0.101,45.30%,61.9,61.8,0,8.9,No,16
17,K.Orton,,2009,615,0.076,0.103,0.079,44.60%,62.5,63.6,-1.1,7.1,No,17
19,J.Campbell,,2009,607,0.073,0.055,0.033,46.10%,65.7,64.3,1.5,6.6,No,18
18,D.Garrard,,2009,639,0.073,0.05,0.018,45.10%,61.4,59.6,1.8,8.3,No,19
20,C.Henne,,2009,503,0.062,0.05,0.033,45.70%,61.3,61.4,-0.1,8.5,No,20
22,A.Smith,,2009,425,0.03,-0.02,-0.033,40.90%,61.7,63.3,-1.6,7,No,21
21,J.Cutler,,2009,643,0.041,-0.025,-0.043,42.90%,61.4,60.9,0.6,8.3,No,22
25,M.Sanchez,,2009,428,0.002,-0.046,-0.095,43.90%,54.6,60.1,-5.5,9.5,No,23
23,M.Hasselbeck,,2009,562,0.017,-0.058,-0.083,42.50%,60.6,63,-2.4,7,No,24
29,M.Bulger,,2009,281,-0.005,-0.1,-0.115,42.30%,57.7,63.1,-5.5,7.7,No,25
24,R.Fitzpatrick,,2009,284,0.008,-0.103,-0.12,37.70%,56.8,59.8,-3,9.5,No,26
30,B.Quinn,,2009,301,-0.015,-0.106,-0.128,37.20%,54,61.2,-7.3,8.5,No,27
31,M.Stafford,,2009,427,-0.018,-0.112,-0.162,40.70%,54.9,62.6,-7.6,8.2,No,28
27,J.Delhomme,,2009,366,-0.001,-0.122,-0.165,42.60%,56.6,61.3,-4.6,9.6,No,29
28,M.Cassel,,2009,617,-0.004,-0.134,-0.148,37.80%,56.2,61.3,-5,8.3,No,30
26,J.Freeman,,2009,347,0.001,-0.143,-0.172,40.60%,56,60.2,-4.2,9.3,No,31
32,J.Russell,,2009,306,-0.034,-0.336,-0.362,33.00%,49.4,61.5,-12.1,9.9,No,32
1,P.Rivers,,2008,552,0.184,0.301,0.285,52.40%,66.5,61.4,5.1,8.9,No,1
2,P.Manning,,2008,598,0.176,0.277,0.249,52.00%,67,62,5,8.7,Yes,2
3,D.Brees,,2008,680,0.153,0.248,0.228,52.40%,66.3,63.5,2.8,8.2,No,3
7,M.Ryan,,2008,509,0.127,0.205,0.195,48.30%,62.3,61.1,1.2,9.3,No,4
4,C.Pennington,,2008,524,0.145,0.196,0.181,51.10%,67.7,62.6,5,8.2,No,5
9,J.Cutler,,2008,703,0.123,0.188,0.179,50.20%,63.1,61.5,1.6,9.2,No,6
5,K.Warner,,2008,654,0.144,0.183,0.168,51.70%,68,62.3,5.7,7.1,No,7
10,M.Cassel,,2008,630,0.119,0.183,0.169,49.40%,64.2,63,1.1,7.6,No,8
6,M.Schaub,,2008,436,0.13,0.157,0.135,47.90%,68.4,63.4,5,7.7,No,9
8,A.Rodgers,,2008,637,0.124,0.148,0.141,47.40%,65.6,61,4.6,9.2,No,10
11,J.Garcia,,2008,440,0.117,0.141,0.119,48.60%,66.3,62.7,3.6,7.7,No,11
15,E.Manning,,2008,547,0.095,0.132,0.109,48.80%,61.5,61,0.5,9,No,12
12,S.Hill,,2008,341,0.109,0.127,0.108,47.50%,64.2,60.9,3.3,8.1,No,13
17,D.McNabb,,2008,637,0.086,0.119,0.101,47.70%,61.5,61.9,-0.4,8.4,No,14
19,J.Delhomme,,2008,458,0.076,0.105,0.088,46.10%,59.8,60.9,-1.1,9.5,No,15
20,K.Collins,,2008,456,0.07,0.105,0.095,45.60%,58.8,61.1,-2.3,8.7,No,16
14,B.Favre,,2008,594,0.097,0.09,0.048,49.70%,66.3,62.7,3.5,7.8,No,17
13,T.Romo,,2008,501,0.102,0.089,0.054,46.50%,65.9,61.3,4.6,8.8,No,18
16,D.Garrard,,2008,671,0.088,0.073,0.054,49.00%,63.3,60.1,3.2,8.5,No,19
21,S.Wallace,,2008,272,0.055,0.072,0.069,42.60%,58.8,61.6,-2.8,7.9,No,20
18,T.Edwards,,2008,439,0.084,0.071,0.045,48.50%,66,63.6,2.5,7.3,No,21
26,T.Thigpen,,2008,516,0.029,0.046,0.012,45.50%,55.4,61.2,-5.8,8.7,No,22
24,J.Campbell,,2008,602,0.051,0.044,0.042,45.50%,62.5,64.3,-1.8,6.7,No,23
23,J.Flacco,,2008,518,0.051,0.032,0.014,41.70%,60.6,61.6,-1,8.6,No,24
22,B.Roethlisberger,,2008,557,0.051,0.02,-0.004,46.10%,61.2,61.3,-0.1,8.9,No,25
27,K.Orton,,2008,524,0.029,-0.008,-0.042,45.20%,59.3,61.8,-2.4,8,No,26
28,G.Frerotte,,2008,360,0.02,-0.012,-0.048,43.10%,59.4,63.2,-3.8,8.3,No,27
25,D.Orlovsky,,2008,284,0.031,-0.022,-0.035,39.40%,59.1,60.4,-1.3,10.6,No,28
33,D.Anderson,,2008,333,-0.025,-0.052,-0.082,40.80%,50.7,60.9,-10.2,7.9,No,29
29,J.O'Sullivan,,2008,296,0.018,-0.077,-0.141,43.90%,60.1,61.9,-1.8,8.8,No,30
31,J.Russell,,2008,431,-0.001,-0.079,-0.097,39.90%,55.2,60.2,-5.1,10,No,31
32,M.Bulger,,2008,512,-0.007,-0.113,-0.164,37.10%,57.2,62.9,-5.7,8.7,No,32
30,R.Fitzpatrick,,2008,471,0.006,-0.114,-0.133,42.00%,59.9,63.4,-3.4,7.4,No,33
1,T.Brady,,2007,653,0.239,0.431,0.422,58.70%,69.1,61.2,7.8,8.2,Yes,1
2,P.Manning,,2007,559,0.181,0.306,0.3,55.30%,66,61.9,4.1,9.1,No,2
4,D.Garrard,,2007,400,0.171,0.272,0.257,51.70%,63.7,59.3,4.5,9.3,No,3
3,T.Romo,,2007,589,0.172,0.267,0.255,52.80%,66.1,61.1,5,8.5,No,4
5,B.Roethlisberger,,2007,492,0.163,0.218,0.202,49.40%,66.2,59.6,6.7,9.8,No,5
6,B.Favre,,2007,589,0.144,0.204,0.188,50.40%,67.9,63.6,4.3,7.7,No,6
8,J.Garcia,,2007,383,0.118,0.162,0.141,46.50%,65.8,63.3,2.5,7.6,No,7
10,S.Rosenfels,,2007,259,0.107,0.153,0.13,54.10%,64,62.9,1.1,8.8,No,8
7,C.Palmer,,2007,624,0.126,0.143,0.112,49.40%,65.3,60,5.3,9,No,9
13,M.Hasselbeck,,2007,631,0.101,0.119,0.114,51.20%,64.2,61.8,2.5,8.4,No,10
14,J.Cutler,,2007,545,0.099,0.119,0.108,49.00%,64.5,62.4,2.1,8.4,No,11
12,K.Warner,,2007,499,0.102,0.115,0.063,48.90%,63.5,60.7,2.8,8.6,No,12
17,D.Anderson,,2007,577,0.079,0.114,0.085,47.10%,58.4,59.7,-1.3,8.3,No,13
9,D.Brees,,2007,710,0.109,0.112,0.087,51.40%,69.4,65,4.3,7,No,14
18,D.McNabb,,2007,572,0.078,0.103,0.095,47.60%,63.3,64,-0.7,7.9,No,15
11,M.Schaub,,2007,329,0.107,0.084,0.033,49.80%,68.5,62.8,5.7,8.5,No,16
16,P.Rivers,,2007,519,0.079,0.069,0.03,44.70%,61.6,59.8,1.8,8.7,No,17
19,J.Campbell,,2007,477,0.072,0.05,0.04,46.50%,62.6,60.9,1.6,8.7,No,18
23,B.Griese,,2007,297,0.053,0.045,0.021,45.80%,62.7,64.1,-1.4,7.5,No,19
20,T.Jackson,,2007,357,0.056,0.034,0.013,47.60%,61.5,61.6,-0.1,9.6,No,20
15,C.Pennington,,2007,310,0.097,0.033,0.011,47.40%,69,61.6,7.4,7.5,No,21
21,V.Young,,2007,496,0.054,-0.007,-0.015,46.20%,63.3,61.4,2,9.2,No,22
24,J.Kitna,,2007,655,0.051,-0.013,-0.037,46.30%,65,63.1,1.8,8.8,No,23
28,E.Manning,,2007,596,0.012,-0.016,-0.052,44.50%,57.1,62.2,-5,8.7,No,24
26,C.Lemon,,2007,376,0.02,-0.017,-0.023,40.70%,57.4,61,-3.6,8.4,No,25
22,K.Boller,,2007,328,0.053,-0.018,-0.057,43.90%,61.7,59.3,2.5,9.4,No,26
25,D.Huard,,2007,389,0.045,-0.045,-0.066,42.20%,63.7,61.4,2.3,8.3,No,27
34,K.Clemens,,2007,312,-0.007,-0.067,-0.099,42.90%,53.8,60.1,-6.4,9.1,No,28
29,J.Harrington,,2007,408,0.007,-0.068,-0.106,39.70%,62.5,66.4,-4,6.9,No,29
27,M.Bulger,,2007,436,0.018,-0.077,-0.097,41.50%,59.9,61.6,-1.7,8.8,No,30
30,T.Edwards,,2007,300,0.006,-0.081,-0.116,40.30%,58.5,62.2,-3.7,7.4,No,31
32,B.Croyle,,2007,256,-0.002,-0.098,-0.12,40.60%,57.3,62.2,-4.9,7.5,No,32
31,R.Grossman,,2007,261,-0.002,-0.168,-0.187,40.20%,55.4,60.2,-4.8,9.2,No,33
33,T.Dilfer,,2007,264,-0.006,-0.311,-0.379,37.90%,54.1,60.8,-6.7,8.5,No,34
1,P.Manning,,2006,597,0.196,0.339,0.33,56.40%,66.3,61.2,5.1,9.6,No,1
2,T.Romo,,2006,407,0.178,0.241,0.212,53.30%,66.9,58.9,7.9,10.2,No,2
3,D.Brees,,2006,607,0.14,0.231,0.211,49.90%,65.8,64.1,1.7,7.1,No,3
7,D.McNabb,,2006,373,0.105,0.198,0.15,46.90%,59,61.5,-2.5,9.6,No,4
5,T.Brady,,2006,595,0.111,0.166,0.159,47.10%,62.5,61.5,1,8.3,No,5
6,P.Rivers,,2006,543,0.11,0.149,0.145,45.90%,62.7,60.8,1.9,9.2,No,6
4,C.Palmer,,2006,592,0.129,0.148,0.135,50.30%,63.3,57.9,5.5,10,No,7
12,D.Huard,,2006,275,0.07,0.119,0.095,42.50%,58,61.2,-3.3,8.2,No,8
10,M.Bulger,,2006,670,0.097,0.118,0.106,47.60%,63.7,62,1.6,9.1,No,9
8,S.McNair,,2006,520,0.104,0.115,0.108,47.10%,64.8,61.6,3.2,7.6,No,10
9,C.Pennington,,2006,565,0.099,0.106,0.09,48.10%,65.4,62.5,2.9,7.5,No,11
33,L.Tomlinson,,2006,,,0.097,,43.20%,0,0,0,0,Yes,12
11,B.Roethlisberger,,2006,550,0.082,0.079,0.038,46.70%,61.6,60.1,1.5,9.4,No,13
19,M.Hasselbeck,,2006,434,0.048,0.047,0.024,44.20%,57.5,60,-2.5,10,No,14
21,M.Leinart,,2006,424,0.032,0.043,0.027,43.20%,59.4,64.4,-5,8.4,No,15
18,M.Brunell,,2006,301,0.05,0.038,0.016,43.20%,61.8,63.4,-1.6,6.8,No,16
15,J.Delhomme,,2006,474,0.06,0.023,0.021,44.70%,62.8,61.5,1.3,8.2,No,17
13,D.Garrard,,2006,311,0.061,0.019,-0.037,45.00%,60.1,58.4,1.7,9.8,No,18
23,R.Grossman,,2006,533,0.03,0.018,-0.019,42.20%,55.8,59.6,-3.8,9.3,No,19
27,V.Young,,2006,473,0.024,0.018,-0.009,41.40%,53.3,58.1,-4.9,10.2,No,20
25,M.Vick,,2006,576,0.027,0.013,-0.015,43.40%,53.6,57.6,-4,11.8,No,21
26,E.Manning,,2006,584,0.025,0.004,-0.005,47.10%,58.5,62.4,-3.9,8.5,No,22
29,B.Favre,,2006,672,0.014,-0.004,-0.027,42.90%,56.2,61.6,-5.4,8.8,No,23
14,J.Losman,,2006,526,0.061,-0.008,-0.039,45.40%,64.6,61.2,3.3,9.2,No,24
20,J.Kitna,,2006,720,0.042,-0.01,-0.037,46.80%,63.9,63.9,-0.1,8.7,No,25
28,J.Plummer,,2006,367,0.017,-0.029,-0.039,43.30%,55.7,59.3,-3.6,9.4,No,26
24,A.Smith,,2006,530,0.03,-0.036,-0.056,40.40%,61,61.9,-0.8,8.1,No,27
16,D.Carr,,2006,548,0.053,-0.042,-0.069,44.70%,71,67.4,3.6,5.6,No,28
30,J.Harrington,,2006,426,0.014,-0.067,-0.084,44.80%,58.6,61.4,-2.7,7.8,No,29
22,B.Johnson,,2006,509,0.03,-0.094,-0.136,41.80%,64.4,63.5,0.9,8.3,No,30
17,C.Frye,,2006,501,0.052,-0.11,-0.141,43.90%,66.5,61.6,4.9,7.5,No,31
32,B.Gradkowski,,2006,402,-0.007,-0.212,-0.235,36.60%,56.3,62.3,-6,7,No,32
31,A.Walter,,2006,353,-0.005,-0.279,-0.311,37.40%,53.9,60.1,-6.2,10,No,33
1,P.Manning,,2005,504,0.179,0.374,0.37,56.20%,,,0,,No,1
2,B.Roethlisberger,,2005,334,0.149,0.28,0.28,51.20%,,,0,,No,2
3,T.Brady,,2005,605,0.138,0.249,0.235,50.90%,,,0,,No,3
4,M.Hasselbeck,,2005,535,0.136,0.244,0.241,55.10%,,,0,,No,4
5,C.Palmer,,2005,579,0.132,0.234,0.223,51.30%,,,0,,No,5
6,M.Bulger,,2005,335,0.115,0.189,0.155,51.30%,,,0,,No,6
7,T.Green,,2005,595,0.111,0.179,0.158,48.20%,,,0,,No,7
8,J.Plummer,,2005,533,0.107,0.168,0.155,49.20%,,,0,,No,8
9,D.Brees,,2005,573,0.106,0.168,0.152,49.00%,,,0,,No,9
10,J.Delhomme,,2005,517,0.104,0.161,0.134,47.60%,,,0,,No,10
11,B.Leftwich,,2005,358,0.096,0.141,0.117,45.00%,,,0,,No,11
12,E.Manning,,2005,653,0.089,0.121,0.098,44.90%,,,0,,No,12
13,D.Bledsoe,,2005,615,0.086,0.114,0.09,46.70%,,,0,,No,13
37,S. Alexander,,2005,,,0.101,,43.80%,,,0,,Yes,14
14,K.Warner,,2005,427,0.078,0.092,0.088,45.90%,,,0,,No,15
15,M.Brunell,,2005,537,0.077,0.09,0.079,43.90%,,,0,,No,16
16,A.Brooks,,2005,535,0.071,0.073,0.055,46.50%,,,0,,No,17
17,M.Vick,,2005,528,0.068,0.065,0.051,43.90%,,,0,,No,18
18,D.McNabb,,2005,414,0.067,0.064,0.049,46.60%,,,0,,No,19
19,B.Johnson,,2005,354,0.066,0.06,0.055,44.10%,,,0,,No,20
20,B.Favre,,2005,685,0.063,0.051,0.016,47.00%,,,0,,No,21
21,S.McNair,,2005,537,0.06,0.043,0.007,47.10%,,,0,,No,22
22,K.Collins,,2005,650,0.059,0.041,0.017,42.80%,,,0,,No,23
23,K.Holcomb,,2005,282,0.053,0.023,0.001,46.10%,,,0,,No,24
24,G.Frerotte,,2005,562,0.047,0.005,-0.007,42.30%,,,0,,No,25
25,J.McCown,,2005,327,0.045,0,-0.044,43.70%,,,0,,No,26
26,K.Boller,,2005,352,0.04,-0.014,-0.025,42.60%,,,0,,No,27
27,A.Wright,,2005,313,0.036,-0.03,-0.049,40.60%,,,0,,No,28
28,C.Simms,,2005,363,0.033,-0.042,-0.068,42.70%,,,0,,No,29
29,D.Carr,,2005,557,0.029,-0.064,-0.084,43.40%,,,0,,No,30
30,B.Bollinger,,2005,349,0.029,-0.067,-0.079,43.60%,,,0,,No,31
31,T.Dilfer,,2005,388,0.028,-0.07,-0.085,43.60%,,,0,,No,32
33,D.Culpepper,,2005,296,0.028,-0.072,-0.098,45.30%,,,0,,No,34
32,J.Harrington,,2005,400,0.028,-0.072,-0.099,40.00%,,,0,,No,33
35,J.Losman,,2005,296,0.025,-0.097,-0.123,38.90%,,,0,,No,35
36,M.McMahon,,2005,268,0.024,-0.117,-0.163,37.70%,,,0,,No,36
34,K.Orton,,2005,438,0.025,-0.196,-0.202,37.90%,,,0,,No,37
1,P.Manning,,2004,563,0.2,0.447,0.441,58.40%,,,0,,Yes,1
2,D.Brees,,2004,487,0.159,0.31,0.307,52.20%,,,0,,No,2
3,D.Culpepper,,2004,704,0.152,0.288,0.266,54.10%,,,0,,No,3
4,T.Green,,2004,642,0.145,0.268,0.252,51.90%,,,0,,No,4
5,B.Favre,,2004,579,0.142,0.26,0.252,51.10%,,,0,,No,5
6,T.Brady,,2004,546,0.142,0.26,0.235,50.00%,,,0,,No,6
7,D.McNabb,,2004,554,0.135,0.243,0.235,49.60%,,,0,,No,7
8,B.Roethlisberger,,2004,379,0.131,0.23,0.215,52.50%,,,0,,No,8
9,M.Bulger,,2004,570,0.114,0.188,0.17,47.90%,,,0,,No,9
10,J.Plummer,,2004,617,0.111,0.18,0.154,48.10%,,,0,,No,10
11,M.Hasselbeck,,2004,543,0.099,0.148,0.137,48.30%,,,0,,No,11
12,J.Delhomme,,2004,620,0.098,0.145,0.125,46.80%,,,0,,No,12
13,B.Griese,,2004,399,0.095,0.137,0.108,50.10%,,,0,,No,13
14,C.Pennington,,2004,435,0.077,0.089,0.081,48.00%,,,0,,No,14
15,B.Volek,,2004,409,0.075,0.085,0.058,43.80%,,,0,,No,15
16,B.Leftwich,,2004,544,0.073,0.077,0.053,43.00%,,,0,,No,16
17,D.Carr,,2004,604,0.072,0.076,0.057,46.20%,,,0,,No,17
18,A.Brooks,,2004,668,0.072,0.075,0.057,43.70%,,,0,,No,18
19,V.Testaverde,,2004,568,0.07,0.071,0.043,46.50%,,,0,,No,19
20,K.Warner,,2004,344,0.068,0.065,0.054,49.10%,,,0,,No,20
21,S.McNair,,2004,261,0.064,0.054,0.053,47.50%,,,0,,No,21
22,K.Collins,,2004,588,0.06,0.044,0.016,43.70%,,,0,,No,22
23,M.Vick,,2004,503,0.056,0.033,-0.002,45.70%,,,0,,No,23
24,C.Palmer,,2004,480,0.047,0.006,-0.034,45.20%,,,0,,No,24
25,J.Garcia,,2004,327,0.044,-0.003,-0.044,42.50%,,,0,,No,25
26,D.Bledsoe,,2004,515,0.043,-0.007,-0.044,44.10%,,,0,,No,26
27,T.Rattay,,2004,387,0.042,-0.008,-0.049,45.70%,,,0,,No,27
28,P.Ramsey,,2004,315,0.041,-0.013,-0.015,42.50%,,,0,,No,28
29,J.McCown,,2004,497,0.038,-0.024,-0.043,42.30%,,,0,,No,29
30,J.Harrington,,2004,583,0.034,-0.04,-0.064,40.70%,,,0,,No,30
32,K.Boller,,2004,547,0.025,-0.102,-0.123,40.00%,,,0,,No,31
33,K.Dorsey,,2004,255,0.024,-0.13,-0.184,38.80%,,,0,,No,32
34,A.Feeley,,2004,403,0.024,-0.141,-0.206,39.00%,,,0,,No,33
31,M.Brunell,,2004,281,0.026,-0.2,-0.24,34.90%,,,0,,No,34
1,S.McNair,,2003,469,0.143,0.263,0.236,49.90%,,,0,,Yes,1
2,P.Manning,,2003,634,0.129,0.226,0.216,50.20%,,,0,,Yes,2
3,J.Plummer,,2003,362,0.123,0.21,0.202,51.40%,,,0,,No,3
4,T.Green,,2003,588,0.113,0.185,0.177,47.60%,,,0,,No,4
5,M.Hasselbeck,,2003,605,0.11,0.177,0.166,49.80%,,,0,,No,5
6,D.Culpepper,,2003,580,0.103,0.157,0.131,50.30%,,,0,,No,6
8,B.Favre,,2003,528,0.098,0.146,0.122,49.10%,,,0,,No,8
7,J.Garcia,,2003,477,0.098,0.146,0.123,48.20%,,,0,,No,7
9,J.Kitna,,2003,609,0.094,0.136,0.118,48.30%,,,0,,No,9
10,M.Bulger,,2003,607,0.084,0.108,0.093,47.60%,,,0,,No,10
11,D.McNabb,,2003,620,0.076,0.087,0.074,44.50%,,,0,,No,11
12,C.Pennington,,2003,347,0.074,0.082,0.07,45.20%,,,0,,No,12
13,B.Johnson,,2003,642,0.073,0.08,0.048,45.60%,,,0,,No,13
14,T.Brady,,2003,609,0.073,0.078,0.061,44.50%,,,0,,No,14
15,A.Brooks,,2003,624,0.072,0.076,0.05,47.10%,,,0,,No,15
16,J.Fiedler,,2003,378,0.066,0.059,0.036,45.80%,,,0,,No,16
17,J.Delhomme,,2003,535,0.059,0.04,0.02,44.70%,,,0,,No,17
18,B.Leftwich,,2003,486,0.051,0.017,-0.008,44.00%,,,0,,No,18
19,T.Maddox,,2003,599,0.049,0.011,-0.023,44.40%,,,0,,No,19
20,D.Carr,,2003,351,0.043,-0.007,-0.038,44.40%,,,0,,No,20
21,K.Collins,,2003,574,0.041,-0.012,-0.024,44.60%,,,0,,No,21
22,K.Holcomb,,2003,343,0.039,-0.02,-0.042,46.40%,,,0,,No,22
23,P.Ramsey,,2003,394,0.032,-0.049,-0.071,39.80%,,,0,,No,23
24,Q.Carter,,2003,625,0.03,-0.06,-0.074,40.80%,,,0,,No,24
25,R.Gannon,,2003,259,0.026,-0.086,-0.091,38.20%,,,0,,No,25
26,J.Blake,,2003,438,0.026,-0.089,-0.137,41.80%,,,0,,No,26
27,D.Brees,,2003,413,0.025,-0.094,-0.119,38.50%,,,0,,No,27
28,J.Harrington,,2003,613,0.025,-0.096,-0.121,40.10%,,,0,,No,28
29,D.Bledsoe,,2003,564,0.024,-0.114,-0.132,40.80%,,,0,,No,29
30,K.Boller,,2003,284,0.024,-0.115,-0.154,38.70%,,,0,,No,30
31,R.Mirer,,2003,267,0.024,-0.116,-0.122,37.10%,,,0,,No,31
33,K.Stewart,,2003,339,0.024,-0.124,-0.16,39.80%,,,0,,No,32
32,D.Johnson,,2003,288,0.024,-0.153,-0.181,38.20%,,,0,,No,33
1,C.Pennington,,2002,457,0.145,0.269,0.269,51.00%,,,0,,No,1
2,R.Gannon,,2002,720,0.128,0.224,0.207,53.90%,,,0,,Yes,2
3,T.Green,,2002,553,0.124,0.214,0.211,47.20%,,,0,,No,3
4,S.McNair,,2002,603,0.11,0.176,0.156,49.60%,,,0,,No,4
5,J.Fiedler,,2002,342,0.109,0.173,0.164,49.40%,,,0,,No,5
6,J.Garcia,,2002,630,0.107,0.17,0.165,47.30%,,,0,,No,6
7,M.Hasselbeck,,2002,502,0.106,0.166,0.159,50.00%,,,0,,No,7
8,P.Manning,,2002,661,0.105,0.164,0.145,48.90%,,,0,,No,8
9,K.Collins,,2002,658,0.1,0.15,0.143,46.20%,,,0,,No,9
10,M.Vick,,2002,588,0.098,0.145,0.132,43.90%,,,0,,No,10
11,D.Bledsoe,,2002,727,0.095,0.137,0.12,49.20%,,,0,,No,11
12,B.Johnson,,2002,502,0.094,0.135,0.125,47.60%,,,0,,No,12
13,B.Favre,,2002,626,0.09,0.123,0.106,48.90%,,,0,,No,13
14,T.Maddox,,2002,431,0.083,0.106,0.066,47.60%,,,0,,No,14
15,B.Griese,,2002,535,0.082,0.101,0.077,53.10%,,,0,,No,15
16,D.McNabb,,2002,467,0.08,0.098,0.088,47.80%,,,0,,No,16
17,D.Culpepper,,2002,741,0.076,0.086,0.071,47.10%,,,0,,No,17
18,A.Brooks,,2002,648,0.067,0.063,0.046,42.10%,,,0,,No,18
19,T.Brady,,2002,696,0.062,0.05,0.039,45.80%,,,0,,No,19
20,D.Brees,,2002,605,0.062,0.05,0.041,45.00%,,,0,,No,20
21,T.Couch,,2002,528,0.058,0.039,0.034,43.90%,,,0,,No,21
22,M.Brunell,,2002,510,0.055,0.03,0.017,43.70%,,,0,,No,22
23,J.Kitna,,2002,534,0.051,0.017,-0.012,46.60%,,,0,,No,23
24,P.Ramsey,,2002,274,0.05,0.016,-0.022,40.50%,,,0,,No,24
25,J.Blake,,2002,370,0.044,-0.004,-0.022,42.40%,,,0,,No,25
26,J.Miller,,2002,354,0.04,-0.017,-0.043,44.10%,,,0,,No,26
27,S.Matthews,,2002,265,0.038,-0.025,-0.033,41.50%,,,0,,No,27
28,R.Peete,,2002,446,0.035,-0.036,-0.07,41.00%,,,0,,No,28
29,Q.Carter,,2002,276,0.034,-0.038,-0.064,40.60%,,,0,,No,29
30,J.Plummer,,2002,638,0.034,-0.039,-0.056,42.30%,,,0,,No,30
32,K.Warner,,2002,256,0.027,-0.082,-0.127,46.10%,,,0,,No,31
34,J.Harrington,,2002,470,0.024,-0.141,-0.177,35.10%,,,0,,No,32
33,D.Carr,,2002,607,0.025,-0.183,-0.202,37.20%,,,0,,No,33
31,C.Hutchinson,,2002,315,0.029,-0.262,-0.307,35.90%,,,0,,No,34
1,K.Warner,,2001,635,0.135,0.243,0.226,51.70%,,,0,,Yes,1
2,J.Garcia,,2001,623,0.109,0.174,0.155,47.50%,,,0,,No,2
3,S.McNair,,2001,566,0.106,0.167,0.158,48.10%,,,0,,No,3
4,R.Gannon,,2001,661,0.105,0.164,0.155,49.20%,,,0,,No,4
5,J.Fiedler,,2001,569,0.102,0.155,0.127,48.90%,,,0,,No,5
6,B.Favre,,2001,601,0.101,0.152,0.117,48.80%,,,0,,No,6
7,K.Stewart,,2001,594,0.094,0.135,0.131,46.50%,,,0,,No,7
8,P.Manning,,2001,634,0.083,0.105,0.067,48.30%,,,0,,No,8
9,A.Van Pelt,,2001,346,0.077,0.09,0.085,45.10%,,,0,,No,9
10,J.Plummer,,2001,608,0.073,0.08,0.076,42.10%,,,0,,No,10
11,C.Chandler,,2001,457,0.071,0.074,0.05,45.50%,,,0,,No,11
12,D.Flutie,,2001,621,0.068,0.066,0.06,42.80%,,,0,,No,12
13,D.Culpepper,,2001,495,0.067,0.062,0.048,46.90%,,,0,,No,13
14,M.Brunell,,2001,587,0.066,0.059,0.036,46.30%,,,0,,No,14
15,B.Johnson,,2001,663,0.066,0.058,0.058,44.60%,,,0,,No,15
16,T.Brady,,2001,509,0.062,0.049,0.025,44.60%,,,0,,No,16
17,D.McNabb,,2001,633,0.059,0.041,0.034,41.50%,,,0,,No,17
18,C.Batch,,2001,407,0.054,0.026,0.008,44.20%,,,0,,No,18
19,A.Brooks,,2001,710,0.049,0.012,0.004,40.10%,,,0,,No,19
20,T.Green,,2001,627,0.044,-0.003,-0.019,43.20%,,,0,,No,20
21,B.Griese,,2001,563,0.044,-0.004,-0.035,44.90%,,,0,,No,21
22,M.Hasselbeck,,2001,417,0.041,-0.014,-0.02,39.80%,,,0,,No,22
23,K.Collins,,2001,675,0.039,-0.018,-0.036,42.70%,,,0,,No,23
24,E.Grbac,,2001,539,0.039,-0.019,-0.053,43.20%,,,0,,No,24
25,V.Testaverde,,2001,508,0.037,-0.025,-0.044,40.40%,,,0,,No,25
26,J.Kitna,,2001,659,0.03,-0.059,-0.068,42.00%,,,0,,No,26
27,J.Miller,,2001,458,0.029,-0.064,-0.081,39.10%,,,0,,No,27
28,T.Banks,,2001,465,0.028,-0.071,-0.091,40.00%,,,0,,No,28
29,R.Johnson,,2001,298,0.027,-0.08,-0.091,40.30%,,,0,,No,29
30,T.Couch,,2001,568,0.026,-0.085,-0.104,39.40%,,,0,,No,30
31,C.Weinke,,2001,637,0.025,-0.106,-0.141,38.80%,,,0,,No,31
1,K.Warner,,2000,400,0.149,0.279,0.228,51.70%,,,0,,No,1
2,P.Manning,,2000,666,0.135,0.242,0.235,49.50%,,,0,,No,2
3,J.Garcia,,2000,685,0.127,0.222,0.208,46.30%,,,0,,No,3
4,R.Gannon,,2000,623,0.124,0.214,0.205,46.40%,,,0,,No,4
5,D.Culpepper,,2000,623,0.124,0.212,0.199,49.40%,,,0,,No,5
6,B.Griese,,2000,403,0.122,0.207,0.203,48.60%,,,0,,No,6
7,T.Green,,2000,295,0.114,0.187,0.179,43.70%,,,0,,No,7
8,E.Grbac,,2000,599,0.102,0.155,0.14,46.10%,,,0,,No,8
9,K.Collins,,2000,622,0.095,0.138,0.134,44.70%,,,0,,No,9
10,J.Fiedler,,2000,424,0.093,0.131,0.119,43.60%,,,0,,No,10
11,D.Flutie,,2000,282,0.088,0.12,0.086,44.00%,,,0,,No,11
12,G.Frerotte,,2000,282,0.08,0.097,0.056,49.60%,,,0,,No,12
13,A.Brooks,,2000,259,0.076,0.087,0.082,41.30%,,,0,,No,13
14,K.Stewart,,2000,421,0.075,0.084,0.068,42.30%,,,0,,No,14
15,D.McNabb,,2000,731,0.071,0.074,0.068,43.00%,,,0,,No,15
16,J.Blake,,2000,401,0.07,0.07,0.049,47.60%,,,0,,No,16
17,S.McNair,,2000,510,0.07,0.069,0.041,43.70%,,,0,,No,17
18,S.King,,2000,556,0.068,0.065,0.055,42.80%,,,0,,No,18
19,B.Favre,,2000,678,0.067,0.061,0.054,43.70%,,,0,,No,19
20,S.Beuerlein,,2000,671,0.066,0.06,0.032,46.90%,,,0,,No,20
21,B.Johnson,,2000,417,0.064,0.054,0.025,43.90%,,,0,,No,21
22,M.Brunell,,2000,640,0.064,0.053,0.046,45.80%,,,0,,No,22
37,M.Faulk,,2000,,,0.048,,41.70%,,,0,,Yes,23
23,D.Bledsoe,,2000,656,0.054,0.026,0.008,43.40%,,,0,,No,24
24,V.Testaverde,,2000,661,0.052,0.021,-0.019,43.40%,,,0,,No,25
25,J.Kitna,,2000,517,0.051,0.017,-0.008,43.90%,,,0,,No,26
26,R.Johnson,,2000,385,0.044,-0.003,-0.033,43.40%,,,0,,No,27
27,J.Plummer,,2000,559,0.042,-0.01,-0.035,41.90%,,,0,,No,28
28,T.Banks,,2000,333,0.03,-0.056,-0.067,39.90%,,,0,,No,29
29,T.Aikman,,2000,309,0.029,-0.066,-0.078,45.30%,,,0,,No,30
30,T.Dilfer,,2000,277,0.029,-0.066,-0.087,39.40%,,,0,,No,31
33,C.Chandler,,2000,421,0.025,-0.102,-0.126,42.30%,,,0,,No,32
34,C.Batch,,2000,512,0.025,-0.105,-0.12,37.10%,,,0,,No,33
35,C.McNown,,2000,369,0.025,-0.106,-0.111,38.80%,,,0,,No,34
36,R.Leaf,,2000,382,0.025,-0.174,-0.21,35.60%,,,0,,No,35
32,A.Smith,,2000,353,0.026,-0.221,-0.239,30.60%,,,0,,No,36
31,D.Pederson,,2000,254,0.027,-0.222,-0.222,34.30%,,,0,,No,37
1,K.Warner,,1999,527,0.17,0.343,0.327,50.90%,,,0,,Yes,1
2,P.Manning,,1999,598,0.134,0.24,0.231,47.00%,,,0,,No,2
3,J.George,,1999,394,0.123,0.212,0.177,47.00%,,,0,,No,3
4,S.Beuerlein,,1999,672,0.111,0.18,0.139,47.20%,,,0,,No,4
5,R.Gannon,,1999,629,0.107,0.17,0.15,46.30%,,,0,,No,5
6,B.Johnson,,1999,603,0.104,0.16,0.152,45.10%,,,0,,No,6
7,M.Brunell,,1999,529,0.102,0.157,0.153,46.50%,,,0,,No,7
8,J.Garcia,,1999,448,0.087,0.117,0.096,46.70%,,,0,,No,8
9,S.McNair,,1999,423,0.085,0.11,0.095,45.40%,,,0,,No,9
10,D.Flutie,,1999,601,0.079,0.094,0.078,43.90%,,,0,,No,10
11,B.Favre,,1999,689,0.078,0.091,0.076,43.70%,,,0,,No,11
12,T.Aikman,,1999,501,0.077,0.091,0.076,40.70%,,,0,,No,12
13,R.Lucas,,1999,327,0.075,0.083,0.073,42.50%,,,0,,No,13
14,G.Frerotte,,1999,332,0.069,0.067,0.066,44.00%,,,0,,No,14
15,E.Grbac,,1999,551,0.068,0.066,0.051,44.30%,,,0,,No,15
16,C.Chandler,,1999,379,0.064,0.055,0.026,44.30%,,,0,,No,16
17,J.Blake,,1999,503,0.059,0.04,0.013,43.50%,,,0,,No,17
18,B.Griese,,1999,554,0.058,0.037,0.021,43.70%,,,0,,No,18
19,D.Marino,,1999,395,0.055,0.029,-0.047,44.60%,,,0,,No,19
20,M.Tomczak,,1999,300,0.054,0.026,0.003,43.00%,,,0,,No,20
21,K.Collins,,1999,384,0.052,0.02,-0.024,45.10%,,,0,,No,21
22,J.Kitna,,1999,588,0.052,0.019,0.009,43.40%,,,0,,No,22
23,S.Matthews,,1999,312,0.049,0.013,-0.053,43.60%,,,0,,No,23
24,C.Batch,,1999,345,0.047,0.007,-0.008,41.40%,,,0,,No,24
25,K.Graham,,1999,353,0.046,0.004,-0.017,41.40%,,,0,,No,25
26,D.Huard,,1999,273,0.045,0,-0.028,38.80%,,,0,,No,26
27,T.Banks,,1999,399,0.041,-0.013,-0.03,38.80%,,,0,,No,27
28,D.Bledsoe,,1999,651,0.041,-0.014,-0.028,42.40%,,,0,,No,28
30,T.Dilfer,,1999,306,0.032,-0.047,-0.081,43.10%,,,0,,No,30
29,B.Tolliver,,1999,336,0.032,-0.047,-0.102,39.60%,,,0,,No,29
31,J.Harbaugh,,1999,538,0.03,-0.058,-0.068,39.20%,,,0,,No,31
33,J.Plummer,,1999,475,0.025,-0.094,-0.132,40.00%,,,0,,No,32
35,C.McNown,,1999,289,0.025,-0.101,-0.116,38.40%,,,0,,No,33
36,T.Couch,,1999,523,0.025,-0.102,-0.104,36.10%,,,0,,No,34
37,K.Stewart,,1999,369,0.024,-0.131,-0.151,41.50%,,,0,,No,35
34,D.McNabb,,1999,299,0.025,-0.195,-0.231,33.80%,,,0,,No,36
32,D.Pederson,,1999,275,0.026,-0.199,-0.236,36.70%,,,0,,No,37
